{
  "accuracy": 0.6916719759716028,
  "precision": 0.4691687093933697,
  "recall": 0.6301422406904267,
  "f1_score": 0.5378696933318782,
  "auc_roc": 0.7546865928687578,
  "auc_pr": 0.6462296994441981,
  "threshold": 0.4663991903190747
}