{
  "train": {
    "tag": "train",
    "threshold": 0.5,
    "accuracy": 0.7263771703877648,
    "precision": 0.5187815802150273,
    "recall": 0.5393221314182818,
    "f1_score": 0.5288524829956849,
    "auc_roc": 0.7548059139211959,
    "auc_pr": 0.6442613638936281,
    "confusion_matrix": [
      [
        188802,
        46952
      ],
      [
        43236,
        50617
      ]
    ]
  },
  "val": {
    "tag": "val",
    "threshold": 0.4663991903190747,
    "accuracy": 0.6929889231721413,
    "precision": 0.47075974476017496,
    "recall": 0.6296509397775221,
    "f1_score": 0.5387339833440453,
    "auc_roc": 0.7564949151318784,
    "auc_pr": 0.6446122711350795,
    "confusion_matrix": [
      [
        56440,
        22145
      ],
      [
        11586,
        19698
      ]
    ]
  },
  "test": {
    "tag": "test",
    "threshold": 0.4663991903190747,
    "accuracy": 0.6916719759716028,
    "precision": 0.4691687093933697,
    "recall": 0.6301422406904267,
    "f1_score": 0.5378696933318782,
    "auc_roc": 0.7546865928687578,
    "auc_pr": 0.6462296994441981,
    "confusion_matrix": [
      [
        56280,
        22305
      ],
      [
        11571,
        19714
      ]
    ]
  },
  "calibration": {
    "optimal_threshold": 0.4663991903190747,
    "optimal_f1": 0.5387339832950877,
    "optimal_precision": 0.47075974476017496,
    "optimal_recall": 0.6296509397775221,
    "default_f1": 0.5296510988579418,
    "improvement": 0.9062901634359188
  },
  "cross_validation": {
    "accuracy": {
      "mean": 0.7266684250434954,
      "std": 0.001519786535176303,
      "scores": [
        0.7255696125724341,
        0.7281939261551531,
        0.7244428937667815,
        0.7267183446853052,
        0.7284173480378028
      ]
    },
    "precision": {
      "mean": 0.5192917621683761,
      "std": 0.0026800744825050222,
      "scores": [
        0.5174933113809426,
        0.5219178786165785,
        0.5153249911343026,
        0.5192611867952447,
        0.5224614429148121
      ]
    },
    "recall": {
      "mean": 0.5397590338671513,
      "std": 0.0025144461621393155,
      "scores": [
        0.535826540940813,
        0.5410473602898087,
        0.5419286094832179,
        0.5421949920085243,
        0.537797666613393
      ]
    },
    "f1": {
      "mean": 0.5293203861005773,
      "std": 0.0017206617772750025,
      "scores": [
        0.5265003795116078,
        0.5313104891446508,
        0.5282920875639461,
        0.5304803356876645,
        0.5300186385950174
      ]
    }
  },
  "model_path": "models\\phishguard_lr.joblib",
  "dataset_size": 549346,
  "feature_count": 18
}